Actc1	abnormal cardiovascular system physiology
Actc1	abnormal myocardial fiber morphology
Actc1	abnormal myocardial fiber physiology
Actc1	abnormal sarcomere morphology
Actc1	cardiac fibrosis
Actc1	decreased cardiac muscle contractility
Actc1	decreased QRS amplitude
Actc1	delayed heart development
Actc1	dilated cardiomyopathy
Actc1	dilated heart left ventricle
Actc1	disorganized myocardium
Actc1	enlarged heart
Actc1	increased cardiomyocyte apoptosis
Actc1	increased heart rate
Actc1	increased heart weight
Actc1	lethality throughout fetal growth and development, incomplete penetrance
Actc1	muscle degeneration
Actc1	myocardial fiber degeneration
Ankrd1	abnormal heart ventricles weight
Anxa6	cardiovascular system phenotype
Anxa6	increased ventricle muscle contractility
App	centrally nucleated skeletal muscle fibers
App	increased variability of skeletal muscle fiber size
App	muscle degeneration
App	myoclonus
App	myositis
Atp1a1	decreased cardiac muscle contractility
Atp1a1	impaired muscle contractility
Atp1b1	abnormal cardiac muscle contractility
Atp1b1	abnormal myocardial fiber physiology
Atp1b1	cardiac hypertrophy
Atp1b1	decreased ventricle muscle contractility
Atp1b1	increased heart weight
Atp1b1	increased response of heart to induced stress
Atp2a2	abnormal blood circulation
Atp2a2	abnormal cardiac muscle relaxation
Atp2a2	abnormal cardiovascular system physiology
Atp2a2	abnormal heart left atrium morphology
Atp2a2	abnormal heart left ventricle pressure
Atp2a2	abnormal heart shape
Atp2a2	abnormal myocardial fiber physiology
Atp2a2	abnormal physiological neovascularization
Atp2a2	abnormal vascular development
Atp2a2	abnormal vascular endothelial cell migration
Atp2a2	abnormal vascular endothelial cell physiology
Atp2a2	aorta coarctation
Atp2a2	ascending aorta hypoplasia
Atp2a2	atrial septal defect
Atp2a2	cardiac fibrosis
Atp2a2	cardiac hypertrophy
Atp2a2	cardiac interstitial fibrosis
Atp2a2	cardiovascular system phenotype
Atp2a2	congestive heart failure
Atp2a2	decreased angiogenesis
Atp2a2	decreased cardiac muscle contractility
Atp2a2	decreased cardiac output
Atp2a2	decreased embryo size
Atp2a2	decreased heart rate
Atp2a2	decreased left ventricle systolic pressure
Atp2a2	decreased systemic arterial blood pressure
Atp2a2	decreased systemic arterial systolic blood pressure
Atp2a2	decreased ventricle muscle contractility
Atp2a2	dilated heart atrium
Atp2a2	dilated heart left ventricle
Atp2a2	dilated heart right ventricle
Atp2a2	enlarged heart
Atp2a2	heart left ventricle hypertrophy
Atp2a2	increased heart weight
Atp2a2	increased left ventricle diastolic pressure
Atp2a2	increased response of heart to induced stress
Atp2a2	thick ventricular wall
Atp2a2	thin ventricle myocardium compact layer
Atp2a2	ventricular septal defect
Bves	abnormal sinoatrial node conduction
Bves	abnormal sinoatrial node morphology
Bves	altered response of heart to induced stress
Bves	cardiovascular system phenotype
Bves	impaired skeletal muscle regeneration
Bves	sinus bradycardia
Cald1	abnormal urinary bladder detrusor smooth muscle morphology
Cap2	abnormal impulse conducting system conduction
Cap2	atrioventricular block
Cap2	cardiac interstitial fibrosis
Cap2	cardiovascular system phenotype
Cap2	congestive heart failure
Cap2	decreased heart rate
Cap2	decreased ventricle muscle contractility
Cap2	dilated cardiomyopathy
Cap2	dilated heart left ventricle
Cap2	prolonged HV interval
Cap2	prolonged QRS complex duration
Cap2	prolonged QT interval
Cap2	prolonged RR interval
Cap2	sinus bradycardia
Casq2	abnormal cardiac muscle relaxation
Casq2	abnormal cardiovascular system physiology
Casq2	abnormal embryo size
Casq2	abnormal myocardial fiber morphology
Casq2	abnormal myocardial fiber physiology
Casq2	abnormal sarcoplasmic reticulum morphology
Casq2	abnormal sinus arrhythmia
Casq2	cardiac hypertrophy
Casq2	cardiovascular system phenotype
Casq2	decreased cardiac muscle contractility
Casq2	decreased heart rate
Casq2	decreased heart rate variability
Casq2	decreased ventricle muscle contractility
Casq2	enlarged heart atrium
Casq2	enlarged myocardial fiber
Casq2	heart left ventricle hypertrophy
Casq2	increased heart weight
Casq2	increased response of heart to induced stress
Casq2	thick ventricular wall
Casq2	ventricular premature beat
Casq2	ventricular tachycardia
Cav3	abnormal muscle physiology
Cav3	abnormal myocardial fiber morphology
Cav3	abnormal sarcolemma morphology
Cav3	abnormal skeletal muscle fiber morphology
Cav3	cardiac fibrosis
Cav3	cardiac hypertrophy
Cav3	cardiomyopathy
Cav3	centrally nucleated skeletal muscle fibers
Cav3	decreased ventricle muscle contractility
Cav3	dilated heart left ventricle
Cav3	dystrophic muscle
Cav3	heart left ventricle hypertrophy
Cav3	increased variability of skeletal muscle fiber size
Cav3	muscle degeneration
Cav3	muscle phenotype
Cav3	myopathy
Cav3	skeletal muscle atrophy
Cav3	skeletal muscle fiber degeneration
Cav3	skeletal muscle fiber necrosis
Cav3	thick interventricular septum
Cav3	thick ventricular wall
Col18a1	abnormal retinal vasculature morphology
Col18a1	abnormal tricuspid valve morphology
Col18a1	intracranial hemorrhage
Col1a1	abnormal aorta elastic tissue morphology
Col1a1	abnormal aorta tunica adventitia morphology
Col1a1	abnormal blood vessel morphology
Col1a1	abnormal cardiovascular system physiology
Col1a1	abnormal heart electrocardiography waveform feature
Col1a1	abnormal heart septum morphology
Col1a1	abnormal myocardium layer morphology
Col1a1	abnormal tendon collagen fibril morphology
Col1a1	aneurysm
Col1a1	aortic dissection
Col1a1	decreased tendon stiffness
Col1a1	decreased ventricle muscle contractility
Col1a1	heart right ventricle hypertrophy
Col1a1	hemorrhage
Col1a1	increased QRS amplitude
Col1a1	intracranial hemorrhage
Col1a1	lung hemorrhage
Col1a1	myocardial hypertrophy
Col1a1	pulmonary alveolar hemorrhage
Col1a1	spinal hemorrhage
Col3a1	abnormal aorta elastic tissue morphology
Col3a1	abnormal aorta smooth muscle morphology
Col3a1	abnormal aorta wall morphology
Col3a1	abnormal blood vessel morphology
Col3a1	abnormal subendocardium layer morphology
Col3a1	aortic dissection
Col3a1	cardiovascular system phenotype
Col3a1	increased systemic arterial systolic blood pressure
Col3a1	increased vasoconstriction
Col3a1	muscle phenotype
Csnk1a1	abnormal myocardium layer morphology
Csnk1a1	cardiac ischemia
Csrp2	abnormal intercalated disc morphology
Csrp2	abnormal vascular smooth muscle physiology
Csrp2	abnormal vascular wound healing
Csrp2	enlarged myocardial fiber
Csrp3	abnormal heart morphology
Csrp3	abnormal heart septum morphology
Csrp3	abnormal heart ventricle morphology
Csrp3	abnormal intercalated disc morphology
Csrp3	abnormal myocardial fiber morphology
Csrp3	abnormal skeletal muscle fiber morphology
Csrp3	cardiac fibrosis
Csrp3	cardiac hypertrophy
Csrp3	cardiac interstitial fibrosis
Csrp3	cardiomyopathy
Csrp3	decreased cardiac muscle contractility
Csrp3	decreased response of heart to induced stress
Csrp3	decreased ventricle muscle contractility
Csrp3	dilated cardiomyopathy
Csrp3	dilated heart left ventricle
Csrp3	enlarged heart
Csrp3	enlarged myocardial fiber
Csrp3	increased cardiac muscle contractility
Csrp3	increased heart weight
Csrp3	increased left ventricle weight
Csrp3	increased variability of skeletal muscle fiber size
Csrp3	myopathy
Ctnna1	dilated cardiomyopathy
Ctnnb1	abnormal blood-brain barrier function
Ctnnb1	abnormal blood vessel morphology
Ctnnb1	abnormal endocardium morphology
Ctnnb1	abnormal lung vasculature morphology
Ctnnb1	abnormal muscle development
Ctnnb1	abnormal placental labyrinth vasculature morphology
Ctnnb1	abnormal pulmonary artery morphology
Ctnnb1	abnormal pulmonary vein morphology
Ctnnb1	abnormal retinal vasculature morphology
Ctnnb1	abnormal tendon morphology
Ctnnb1	abnormal vascular endothelial cell morphology
Ctnnb1	abnormal vascular regression
Ctnnb1	abnormal vasculogenesis
Ctnnb1	abnormal vitelline vasculature morphology
Ctnnb1	cardiovascular system phenotype
Ctnnb1	decreased embryo size
Ctnnb1	decreased response of heart to induced stress
Ctnnb1	embryonic growth retardation
Ctnnb1	hemorrhage
Ctnnb1	intracranial hemorrhage
Ctnnb1	lethality throughout fetal growth and development, incomplete penetrance
Ctnnb1	pericardial edema
Ctnnb1	small heart
Ctnnb1	spinal hemorrhage
Dcn	abnormal tendon morphology
Ddc	decreased heart rate
Ddc	decreased systemic arterial systolic blood pressure
Ddc	increased heart weight
Ddc	increased mean systemic arterial blood pressure
Ddc	increased systemic arterial systolic blood pressure
Ddc	salt-sensitive hypertension
Des	abnormal aorta elastic fiber morphology
Des	abnormal cardiac muscle relaxation
Des	abnormal cardiovascular system physiology
Des	abnormal diaphragm morphology
Des	abnormal epicardium morphology
Des	abnormal heart electrocardiography waveform feature
Des	abnormal heart morphology
Des	abnormal heart right ventricle morphology
Des	abnormal impulse conducting system conduction
Des	abnormal intercalated disc morphology
Des	abnormal interventricular septum morphology
Des	abnormal myocardial fiber morphology
Des	abnormal myocardial fiber physiology
Des	abnormal myocardium layer morphology
Des	abnormal P wave
Des	abnormal skeletal muscle fiber morphology
Des	abnormal skeletal muscle morphology
Des	abnormal smooth muscle morphology
Des	abnormal soleus morphology
Des	abnormal vascular smooth muscle morphology
Des	abnormal ventricle papillary muscle morphology
Des	abnormal Z lines
Des	atrial fibrillation
Des	atrioventricular block
Des	cardiac fibrosis
Des	cardiac hypertrophy
Des	cardiac interstitial fibrosis
Des	cardiomyopathy
Des	centrally nucleated skeletal muscle fibers
Des	congestive heart failure
Des	decreased cardiac muscle contractility
Des	decreased cardiac stroke volume
Des	decreased myocardial fiber number
Des	decreased skeletal muscle fiber number
Des	decreased ventricle muscle contractility
Des	dilated cardiomyopathy
Des	dilated heart left ventricle
Des	dilated heart right ventricle
Des	disorganized myocardium
Des	dystrophic cardiac calcinosis
Des	dystrophic muscle
Des	enlarged heart
Des	hemorrhage
Des	impaired skeletal muscle contractility
Des	increased skeletal muscle fiber size
Des	increased variability of skeletal muscle fiber size
Des	irregular heartbeat
Des	muscle degeneration
Des	muscle phenotype
Des	myocardial fiber degeneration
Des	myocardial necrosis
Des	myopathy
Des	progressive muscle weakness
Des	prolonged HV interval
Des	sinoatrial block
Des	skeletal muscle degeneration
Des	skeletal muscle endomysial fibrosis
Des	skeletal muscle fiber atrophy
Des	skeletal muscle fiber degeneration
Des	skeletal muscle fiber necrosis
Des	thin diaphragm muscle
Des	thin myocardium
Des	ventricular premature beat
Des	ventricular tachycardia
Fhl2	cardiac fibrosis
Fhl2	cardiac hypertrophy
Gata4	abnormal atrioventricular cushion morphology
Gata4	abnormal cardiac epithelial to mesenchymal transition
Gata4	abnormal cardiovascular system morphology
Gata4	abnormal central tendon morphology
Gata4	abnormal conotruncal ridge morphology
Gata4	abnormal coronary vessel morphology
Gata4	abnormal diaphragm development
Gata4	abnormal fetal cardiomyocyte proliferation
Gata4	abnormal heart atrium morphology
Gata4	abnormal heart development
Gata4	abnormal heart morphology
Gata4	abnormal heart tube morphology
Gata4	abnormal heart ventricle morphology
Gata4	abnormal interventricular septum morphology
Gata4	abnormal lung vasculature morphology
Gata4	abnormal muscle precursor cell morphology
Gata4	abnormal muscle precursor cell physiology
Gata4	abnormal myocardial fiber morphology
Gata4	abnormal myocardial trabeculae morphology
Gata4	abnormal myocardium compact layer morphology
Gata4	abnormal truncus arteriosus septation
Gata4	absent coronary vessels
Gata4	absent heart tube
Gata4	altered response of heart to induced stress
Gata4	aorta stenosis
Gata4	atrial septal defect
Gata4	atrioventricular septal defect
Gata4	atrioventricular valve regurgitation
Gata4	cardia bifida
Gata4	cardiac hypertrophy
Gata4	cardiovascular system phenotype
Gata4	common atrioventricular valve
Gata4	common ventricle
Gata4	complete atrioventricular septal defect
Gata4	conotruncal ridge hypoplasia
Gata4	decreased atrioventricular cushion size
Gata4	decreased cardiac muscle contractility
Gata4	decreased embryo size
Gata4	decreased fetal cardiomyocyte proliferation
Gata4	decreased response of heart to induced stress
Gata4	delayed heart looping
Gata4	diaphragmatic hernia
Gata4	dilated heart
Gata4	dilated heart atrium
Gata4	dilated heart left ventricle
Gata4	double outlet right ventricle
Gata4	embryonic growth retardation
Gata4	heart hypoplasia
Gata4	heart right ventricle hypoplasia
Gata4	hemorrhage
Gata4	increased cardiomyocyte apoptosis
Gata4	lethality throughout fetal growth and development, complete penetrance
Gata4	muscle phenotype
Gata4	patent foramen ovale
Gata4	pericardial effusion
Gata4	pulmonary valve stenosis
Gata4	thick aortic valve
Gata4	thick pulmonary valve
Gata4	thin myocardium
Gata4	thin myocardium compact layer
Gata4	thin ventricle myocardium compact layer
Gata4	thin ventricular wall
Gata4	ventricular septal defect
Gata6	abnormal cardiovascular system morphology
Gata6	absent fetal ductus arteriosus
Gata6	aortic arch hypoplasia
Gata6	cardiovascular system phenotype
Gata6	decreased embryo size
Gata6	double outlet right ventricle
Gata6	embryonic growth retardation
Gata6	interrupted aortic arch
Gata6	perimembraneous ventricular septal defect
Gata6	persistent truncus arteriosis
Gata6	retroesophageal right subclavian artery
Gja1	abnormal ascending aorta and coronary artery attachment
Gja1	abnormal atrioventricular bundle conduction
Gja1	abnormal blood circulation
Gja1	abnormal cardiac muscle contractility
Gja1	abnormal cardiac outflow tract development
Gja1	abnormal cardiovascular system physiology
Gja1	abnormal coronary artery morphology
Gja1	abnormal coronary vein morphology
Gja1	abnormal coronary vessel morphology
Gja1	abnormal heart development
Gja1	abnormal heart electrocardiography waveform feature
Gja1	abnormal heart morphology
Gja1	abnormal heart rate
Gja1	abnormal heart right ventricle outflow tract morphology
Gja1	abnormal heart shape
Gja1	abnormal heart ventricle morphology
Gja1	abnormal impulse conducting system conduction
Gja1	abnormal interventricular septum morphology
Gja1	abnormal muscle regeneration
Gja1	abnormal myocardial fiber physiology
Gja1	abnormal myocardial trabeculae morphology
Gja1	abnormal myocardium layer morphology
Gja1	abnormal pulmonary valve morphology
Gja1	abnormal R wave
Gja1	abnormal semilunar valve morphology
Gja1	abnormal trabecula carnea morphology
Gja1	abnormal vascular smooth muscle physiology
Gja1	abnormal vascular wound healing
Gja1	atrioventricular block
Gja1	cardiac fibrosis
Gja1	cardiovascular system phenotype
Gja1	coronary artery aneurysm
Gja1	coronary fistula
Gja1	decreased cardiac muscle contractility
Gja1	decreased heart rate
Gja1	decreased QRS amplitude
Gja1	decreased systemic arterial systolic blood pressure
Gja1	decreased ventricle muscle contractility
Gja1	dilated heart left ventricle
Gja1	dilated heart right ventricle
Gja1	dilated vasculature
Gja1	heart inflammation
Gja1	heart right ventricle hypertrophy
Gja1	heart right ventricle outflow tract stenosis
Gja1	hypotension
Gja1	increased heart rate
Gja1	irregular heartbeat
Gja1	lethality throughout fetal growth and development, complete penetrance
Gja1	lethality throughout fetal growth and development, incomplete penetrance
Gja1	patent foramen ovale
Gja1	prolonged PR interval
Gja1	prolonged P wave
Gja1	prolonged QRS complex duration
Gja1	prolonged QT interval
Gja1	semilunar valve regurgitation
Gja1	shortened QT interval
Gja1	small heart
Gja1	thick aortic valve
Gja1	thick pulmonary valve
Gja1	thin myocardium compact layer
Gja1	thin ventricle myocardium compact layer
Gja1	thin ventricular wall
Gja1	ventricular aneurysm
Gja1	ventricular fibrillation
Gja1	ventricular premature beat
Gja1	ventricular tachycardia
Gja5	abnormal aortic arch and aortic arch branch attachment
Gja5	abnormal atrioventricular cushion morphology
Gja5	abnormal frontal plane axis
Gja5	abnormal heart electrocardiography waveform feature
Gja5	abnormal heart morphology
Gja5	abnormal impulse conducting system conduction
Gja5	abnormal QRS complex
Gja5	bifid atrial appendage
Gja5	bundle branch block
Gja5	common atrioventricular valve
Gja5	decreased mean systemic arterial blood pressure
Gja5	dilated cardiomyopathy
Gja5	double outlet right ventricle
Gja5	fragmented QRS complex
Gja5	increased heart rate
Gja5	irregular heartbeat
Gja5	mitral valve stenosis
Gja5	ostium primum atrial septal defect
Gja5	prolonged PQ interval
Gja5	prolonged PR interval
Gja5	prolonged P wave
Gja5	prolonged QRS complex duration
Gja5	prolonged QT interval
Gja5	pulmonary artery hypoplasia
Gja5	ventricular septal defect
Hand2	aberrant origin of the right subclavian artery
Hand2	abnormal atrioventricular cushion morphology
Hand2	abnormal blood circulation
Hand2	abnormal cardiac outflow tract development
Hand2	abnormal fetal cardiomyocyte proliferation
Hand2	abnormal first pharyngeal arch artery morphology
Hand2	abnormal heart development
Hand2	abnormal heart left ventricle morphology
Hand2	abnormal heart looping
Hand2	abnormal heart right ventricle morphology
Hand2	abnormal heart ventricle morphology
Hand2	abnormal interventricular septum morphology
Hand2	abnormal myocardial trabeculae morphology
Hand2	abnormal pharyngeal arch artery morphology
Hand2	abnormal second pharyngeal arch artery morphology
Hand2	abnormal tongue muscle morphology
Hand2	abnormal tricuspid valve morphology
Hand2	absent heart right ventricle
Hand2	absent myocardial trabeculae
Hand2	absent trabeculae carneae
Hand2	cardiovascular system phenotype
Hand2	congestive heart failure
Hand2	decreased cardiac muscle contractility
Hand2	decreased embryo size
Hand2	decreased heart left ventricle size
Hand2	decreased heart right ventricle size
Hand2	dilated aortic sac
Hand2	dilated heart left ventricle
Hand2	distended pericardium
Hand2	embryonic growth retardation
Hand2	heart right ventricle hypertrophy
Hand2	heart right ventricle hypoplasia
Hand2	increased atrioventricular cushion size
Hand2	interrupted aortic arch
Hand2	lethality throughout fetal growth and development, complete penetrance
Hand2	liver vascular congestion
Hand2	pericardial effusion
Hand2	perimembraneous ventricular septal defect
Hand2	persistent truncus arteriosis
Hand2	poor circulation
Hand2	pulmonary artery stenosis
Hand2	retroesophageal right subclavian artery
Hand2	thin myocardium
Hand2	ventricular septal defect
Hand2	visceral vascular congestion
Hey2	abnormal aortic valve cusp morphology
Hey2	abnormal atrioventricular valve morphology
Hey2	abnormal blood vessel morphology
Hey2	abnormal cardiac epithelial to mesenchymal transition
Hey2	abnormal cardiovascular system morphology
Hey2	abnormal endocardium morphology
Hey2	abnormal heart development
Hey2	abnormal heart left ventricle morphology
Hey2	abnormal heart septum morphology
Hey2	abnormal heart shape
Hey2	abnormal heart ventricle morphology
Hey2	abnormal interventricular septum morphology
Hey2	abnormal mitral valve morphology
Hey2	abnormal myocardial fiber morphology
Hey2	abnormal myocardial fiber physiology
Hey2	abnormal myocardium layer morphology
Hey2	abnormal pulmonary artery morphology
Hey2	abnormal pulmonary valve cusp morphology
Hey2	abnormal semilunar valve morphology
Hey2	abnormal tricuspid valve morphology
Hey2	abnormal ventricle myocardium morphology
Hey2	abnormal Z lines
Hey2	absent interventricular septum membranous part
Hey2	aortic valve regurgitation
Hey2	aortic valve stenosis
Hey2	atrial septal defect
Hey2	atrioventricular valve regurgitation
Hey2	cardiac fibrosis
Hey2	cardiac hypertrophy
Hey2	cardiac interstitial fibrosis
Hey2	cardiomyopathy
Hey2	cardiovascular system phenotype
Hey2	congestive heart failure
Hey2	decreased aorta wall thickness
Hey2	decreased cardiac muscle contractility
Hey2	decreased heart rate
Hey2	decreased ventricle muscle contractility
Hey2	dilated heart atrium
Hey2	dilated heart left ventricle
Hey2	dilated heart right ventricle
Hey2	enlarged heart
Hey2	heart left ventricle hypertrophy
Hey2	heart right ventricle hypertrophy
Hey2	increased heart weight
Hey2	increased response of heart to induced stress
Hey2	liver vascular congestion
Hey2	mitral valve regurgitation
Hey2	muscular ventricular septal defect
Hey2	ostium secundum atrial septal defect
Hey2	overriding aortic valve
Hey2	patent foramen ovale
Hey2	perimembraneous ventricular septal defect
Hey2	pulmonary artery stenosis
Hey2	pulmonary valve stenosis
Hey2	pulmonary vascular congestion
Hey2	thick aortic valve
Hey2	thick mitral valve cusps
Hey2	thick pulmonary valve
Hey2	thin ventricular wall
Hey2	tricuspid valve atresia
Hey2	tricuspid valve regurgitation
Hey2	tricuspid valve stenosis
Hey2	ventricular septal defect
Hey2	visceral vascular congestion
Hif1a	abnormal angiogenesis
Hif1a	abnormal blood vessel morphology
Hif1a	abnormal brain vasculature morphology
Hif1a	abnormal cardiac muscle relaxation
Hif1a	abnormal cardiac outflow tract development
Hif1a	abnormal cardiovascular system physiology
Hif1a	abnormal coronary vessel morphology
Hif1a	abnormal dorsal aorta morphology
Hif1a	abnormal heart development
Hif1a	abnormal heart left ventricle morphology
Hif1a	abnormal heart left ventricle pressure
Hif1a	abnormal heart looping
Hif1a	abnormal heart size
Hif1a	abnormal heart tube morphology
Hif1a	abnormal heart ventricle morphology
Hif1a	abnormal intersomitic vessel morphology
Hif1a	abnormal muscle physiology
Hif1a	abnormal myocardial fiber physiology
Hif1a	abnormal myocardial trabeculae morphology
Hif1a	abnormal myocardium layer morphology
Hif1a	abnormal pericardial cavity morphology
Hif1a	abnormal pericardium morphology
Hif1a	abnormal systemic arterial blood pressure
Hif1a	abnormal vascular development
Hif1a	abnormal vascular endothelial cell migration
Hif1a	abnormal vascular regression
Hif1a	absent myocardial trabeculae
Hif1a	absent pharyngeal arch arteries
Hif1a	cardia bifida
Hif1a	cardiac hypertrophy
Hif1a	cardiovascular system phenotype
Hif1a	decreased angiogenesis
Hif1a	decreased cardiac muscle contractility
Hif1a	decreased embryo size
Hif1a	decreased vascular endothelial cell proliferation
Hif1a	dilated dorsal aorta
Hif1a	disorganized myocardium
Hif1a	disorganized yolk sac vascular plexus
Hif1a	embryonic growth retardation
Hif1a	hemorrhage
Hif1a	increased left ventricle weight
Hif1a	pericardial effusion
Hif1a	pharyngeal arch artery hypoplasia
Hif1a	thick interventricular septum
Hif1a	thick ventricular wall
Hopx	abnormal cardiovascular system physiology
Hopx	abnormal fetal cardiomyocyte proliferation
Hopx	abnormal frontal plane axis
Hopx	abnormal heart ventricle morphology
Hopx	abnormal muscle physiology
Hopx	abnormal myocardium layer morphology
Hopx	abnormal systemic arterial blood pressure
Hopx	cardiac fibrosis
Hopx	cardiac hypertrophy
Hopx	congestive heart failure
Hopx	decreased cardiac muscle contractility
Hopx	enlarged heart
Hopx	enlarged myocardial fiber
Hopx	heart hyperplasia
Hopx	hemopericardium
Hopx	increased heart weight
Hopx	increased left ventricle diastolic pressure
Hopx	increased myocardial fiber number
Hopx	intraventricular block
Hopx	lung hemorrhage
Hopx	pericardial effusion
Hopx	prolonged HV interval
Hopx	prolonged P wave
Hopx	prolonged QRS complex duration
Hopx	prolonged QT interval
Hopx	thick ventricular wall
Hopx	thin myocardium
Hopx	thin myocardium compact layer
Igf2	abnormal fetal cardiomyocyte proliferation
Igf2	abnormal heart morphology
Igf2	abnormal heart septum morphology
Igf2	abnormal heart ventricle morphology
Igf2	abnormal prenatal growth/weight/body size
Igf2	decreased fetal weight
Igf2	embryonic growth retardation
Igf2	fetal growth retardation
Igf2	increased fetal weight
Igf2	increased heart weight
Igf2	lethality throughout fetal growth and development, incomplete penetrance
Igf2	prenatal growth retardation
Igf2r	abnormal embryonic growth/weight/body size
Igf2r	abnormal interventricular septum morphology
Igf2r	abnormal myocardium layer morphology
Igf2r	abnormal tricuspid valve morphology
Igf2r	congestive heart failure
Igf2r	decreased fetal weight
Igf2r	dilated heart
Igf2r	dilated heart left ventricle
Igf2r	dilated heart right ventricle
Igf2r	disorganized myocardium
Igf2r	enlarged heart
Igf2r	heart hemorrhage
Igf2r	heart hyperplasia
Igf2r	increased embryo size
Igf2r	increased fetal size
Igf2r	increased fetal weight
Igf2r	increased heart right ventricle size
Igf2r	increased heart ventricle size
Igf2r	increased heart weight
Igf2r	lethality throughout fetal growth and development, incomplete penetrance
Igf2r	thick interventricular septum
Igf2r	thick ventricular wall
Jph2	abnormal cardiovascular system physiology
Jph2	abnormal myocardial fiber morphology
Jph2	irregular heartbeat
Ldb3	abnormal cardiovascular system physiology
Ldb3	abnormal heart left ventricle morphology
Ldb3	abnormal heart morphology
Ldb3	abnormal heart right ventricle morphology
Ldb3	abnormal heart ventricle morphology
Ldb3	abnormal myocardial fiber morphology
Ldb3	abnormal myocardium layer morphology
Ldb3	abnormal skeletal muscle morphology
Ldb3	abnormal Z lines
Ldb3	atrioventricular block
Ldb3	cardiac fibrosis
Ldb3	cardiac hypertrophy
Ldb3	cardiovascular system phenotype
Ldb3	decreased cardiac muscle contractility
Ldb3	dilated cardiomyopathy
Ldb3	dilated heart left ventricle
Ldb3	dilated heart right ventricle
Ldb3	enlarged heart
Ldb3	heart vascular congestion
Ldb3	increased heart left ventricle size
Ldb3	increased heart right ventricle size
Ldb3	increased heart weight
Ldb3	increased response of heart to induced stress
Ldb3	increased variability of skeletal muscle fiber size
Ldb3	muscle weakness
Ldb3	myopathy
Ldb3	skeletal muscle fiber atrophy
Ldb3	thin interventricular septum
Ldb3	thin ventricular wall
Lims1	altered response to myocardial infarction
Lims1	cardiovascular system phenotype
Lims1	decreased cardiac muscle contractility
Lims1	decreased embryo size
Lims1	increased myocardial infarction size
Lmo7	abnormal skeletal muscle fiber morphology
Lmod2	abnormal fetal cardiomyocyte morphology
Lmod2	abnormal heart ventricle morphology
Lmod2	abnormal intercalated disc morphology
Lmod2	abnormal myocardial fiber morphology
Lmod2	abnormal sarcomere morphology
Lmod2	abnormal Z lines
Lmod2	absent M lines
Lmod2	congestive heart failure
Lmod2	decreased cardiac muscle contractility
Lmod2	dilated cardiomyopathy
Lmod2	dilated heart
Lmod2	dilated heart left ventricle
Lmod2	dilated heart ventricle
Lmod2	increased heart weight
Lmod2	irregular heartbeat
Lmod2	prolonged QT interval
Lmod2	thin ventricular wall
Lpl	abnormal capillary morphology
Lpl	abnormal cardiac cell glucose uptake
Lpl	abnormal cardiovascular system physiology
Lpl	abnormal lung vasculature morphology
Lpl	abnormal skeletal muscle morphology
Lpl	cardiac fibrosis
Lpl	cardiac interstitial fibrosis
Lpl	decreased cardiac muscle contractility
Lpl	increased left ventricle diastolic pressure
Lpl	increased left ventricle systolic pressure
Lpl	liver vascular congestion
Lpl	pulmonary vascular congestion
Mb	abnormal fetal cardiomyocyte morphology
Mb	abnormal heart morphology
Mb	abnormal myocardium layer morphology
Mb	abnormal skeletal muscle fiber type ratio
Mb	abnormal soleus morphology
Mb	abnormal vasculogenesis
Mb	cardiac hypertrophy
Mb	cardiovascular system phenotype
Mb	congestive heart failure
Mb	decreased embryo size
Mb	decreased ventricle muscle contractility
Mb	embryonic growth retardation
Mb	heart left ventricle hypertrophy
Mb	hemorrhage
Mb	increased angiogenesis
Mb	increased capillary density
Mb	increased coronary flow rate
Mb	muscle fatigue
Mb	muscle phenotype
Mb	pericardial effusion
Mb	thin myocardium
Mtus1	cardiac hypertrophy
Mtus1	cardiovascular system phenotype
Mtus1	increased heart weight
Mybpc3	abnormal cardiac muscle contractility
Mybpc3	abnormal cardiac muscle relaxation
Mybpc3	abnormal heart left ventricle morphology
Mybpc3	abnormal heart morphology
Mybpc3	abnormal M lines
Mybpc3	abnormal myocardial fiber morphology
Mybpc3	abnormal myocardial fiber physiology
Mybpc3	abnormal ventricle papillary muscle morphology
Mybpc3	cardiac fibrosis
Mybpc3	cardiac hypertrophy
Mybpc3	cardiac interstitial fibrosis
Mybpc3	cardiomyopathy
Mybpc3	cardiovascular system phenotype
Mybpc3	decreased cardiac muscle contractility
Mybpc3	decreased cardiac stroke volume
Mybpc3	decreased ventricle muscle contractility
Mybpc3	dilated cardiomyopathy
Mybpc3	dilated heart left atrium
Mybpc3	dilated heart left ventricle
Mybpc3	disorganized myocardium
Mybpc3	dystrophic cardiac calcinosis
Mybpc3	enlarged heart
Mybpc3	enlarged myocardial fiber
Mybpc3	heart left ventricle hypertrophy
Mybpc3	impaired muscle relaxation
Mybpc3	increased cardiac muscle contractility
Mybpc3	increased heart weight
Mybpc3	increased response of heart to induced stress
Mybpc3	thick ventricular wall
Myh6	abnormal cardiac muscle relaxation
Myh6	abnormal cardiovascular system physiology
Myh6	abnormal heart atrium morphology
Myh6	abnormal heart left ventricle morphology
Myh6	abnormal heart morphology
Myh6	abnormal heart ventricle morphology
Myh6	abnormal heart ventricle pressure
Myh6	abnormal myocardial fiber morphology
Myh6	abnormal myocardial fiber physiology
Myh6	abnormal myocardium layer morphology
Myh6	cardiac fibrosis
Myh6	cardiac hypertrophy
Myh6	cardiac interstitial fibrosis
Myh6	cardiomyopathy
Myh6	decreased cardiac muscle contractility
Myh6	decreased cardiac output
Myh6	decreased left ventricle diastolic pressure
Myh6	decreased left ventricle systolic pressure
Myh6	decreased ventricle muscle contractility
Myh6	dilated cardiomyopathy
Myh6	dilated heart atrium
Myh6	dilated heart left ventricle
Myh6	disorganized myocardium
Myh6	dystrophic cardiac calcinosis
Myh6	heart left ventricle hypertrophy
Myh6	increased cardiac muscle contractility
Myh6	irregular heartbeat
Myh6	myocardial necrosis
Myh6	thick ventricular wall
Myh6	thin ventricular wall
Myh7	abnormal cardiovascular system physiology
Myh7	abnormal heart atrium morphology
Myh7	abnormal heart left ventricle morphology
Myh7	abnormal myocardial fiber physiology
Myh7	altered response to myocardial infarction
Myh7	cardiovascular system phenotype
Myh7	decreased cardiac muscle contractility
Myh7	decreased left ventricle systolic pressure
Myh7	decreased systemic arterial systolic blood pressure
Myh7	enlarged heart left atrium
Myh7	increased heart right ventricle weight
Myh7	increased left ventricle weight
Myl2	abnormal cardiac muscle contractility
Myl2	abnormal cardiac muscle relaxation
Myl2	abnormal cardiovascular system physiology
Myl2	abnormal heart development
Myl2	abnormal heart septum morphology
Myl2	abnormal intercalated disc morphology
Myl2	abnormal interventricular groove morphology
Myl2	abnormal myocardial fiber morphology
Myl2	abnormal myocardial fiber physiology
Myl2	abnormal sarcomere morphology
Myl2	abnormal Z lines
Myl2	cardiac fibrosis
Myl2	cardiac hypertrophy
Myl2	cardiovascular system phenotype
Myl2	common ventricle
Myl2	congestive heart failure
Myl2	decreased cardiac muscle contractility
Myl2	decreased left ventricle developed pressure
Myl2	decreased systemic arterial systolic blood pressure
Myl2	decreased ventricle muscle contractility
Myl2	dilated cardiomyopathy
Myl2	dilated heart atrium
Myl2	dilated heart right ventricle
Myl2	dilated heart ventricle
Myl2	dystrophic cardiac calcinosis
Myl2	embryonic growth retardation
Myl2	enlarged heart atrium
Myl2	enlarged myocardial fiber
Myl2	increased heart left ventricle size
Myl2	increased heart weight
Myl2	increased response of heart to induced stress
Myl2	lethality throughout fetal growth and development, complete penetrance
Myl2	myocardial fiber degeneration
Myl2	thin interventricular septum
Myl2	thin myocardium compact layer
Myl2	tricuspid valve regurgitation
Myoz2	abnormal cardiovascular system physiology
Myoz2	abnormal myocardial fiber morphology
Myoz2	abnormal skeletal muscle fiber type ratio
Myoz2	abnormal skeletal muscle morphology
Myoz2	cardiac hypertrophy
Myoz2	cardiomyopathy
Myoz2	decreased cardiac muscle contractility
Myoz2	decreased skeletal muscle fiber size
Myoz2	dilated heart atrium
Myoz2	dilated heart left ventricle
Myoz2	dilated heart right ventricle
Myoz2	enlarged heart
Myoz2	increased response of heart to induced stress
Myoz2	small myocardial fiber
Nkx2-5	abnormal aortic valve morphology
Nkx2-5	abnormal atrioventricular bundle morphology
Nkx2-5	abnormal atrioventricular node morphology
Nkx2-5	abnormal cardiac outflow tract development
Nkx2-5	abnormal conotruncal ridge morphology
Nkx2-5	abnormal dorsal aorta morphology
Nkx2-5	abnormal fetal atrioventricular canal morphology
Nkx2-5	abnormal heart atrium morphology
Nkx2-5	abnormal heart development
Nkx2-5	abnormal heart looping
Nkx2-5	abnormal heart right ventricle morphology
Nkx2-5	abnormal heart septum morphology
Nkx2-5	abnormal heart shape
Nkx2-5	abnormal heart tube morphology
Nkx2-5	abnormal heart ventricle morphology
Nkx2-5	abnormal impulse conducting system conduction
Nkx2-5	abnormal impulse conducting system morphology
Nkx2-5	abnormal interatrial septum morphology
Nkx2-5	abnormal intersomitic artery morphology
Nkx2-5	abnormal myocardial fiber morphology
Nkx2-5	abnormal myocardial trabeculae morphology
Nkx2-5	abnormal myocardium layer morphology
Nkx2-5	abnormal myogenesis
Nkx2-5	abnormal Purkinje fiber morphology
Nkx2-5	abnormal sinus venosus morphology
Nkx2-5	abnormal vitelline vasculature morphology
Nkx2-5	absent atrioventricular cushions
Nkx2-5	absent heart right ventricle
Nkx2-5	absent myocardial trabeculae
Nkx2-5	absent trabeculae carneae
Nkx2-5	absent vitelline blood vessels
Nkx2-5	aortic valve stenosis
Nkx2-5	atrial septal aneurysm
Nkx2-5	atrial septal defect
Nkx2-5	atrioventricular block
Nkx2-5	bicuspid aortic valve
Nkx2-5	cardiac hypertrophy
Nkx2-5	cardiac interstitial fibrosis
Nkx2-5	cardiovascular system phenotype
Nkx2-5	common ventricle
Nkx2-5	decreased embryo size
Nkx2-5	decreased heart right ventricle size
Nkx2-5	decreased ventricle muscle contractility
Nkx2-5	dilated cardiomyopathy
Nkx2-5	dilated heart atrium
Nkx2-5	disorganized myocardium
Nkx2-5	double outlet right ventricle
Nkx2-5	embryonic growth retardation
Nkx2-5	failure of heart looping
Nkx2-5	heart block
Nkx2-5	heart right ventricle hypoplasia
Nkx2-5	patent foramen ovale
Nkx2-5	pericardial edema
Nkx2-5	pericardial effusion
Nkx2-5	persistent truncus arteriosis
Nkx2-5	pharyngeal arch artery hypoplasia
Nkx2-5	poor circulation
Nkx2-5	prolonged PR interval
Nkx2-5	prolonged QRS complex duration
Nkx2-5	thick aortic valve cusps
Nkx2-5	thin ventricular wall
Nppb	abnormal heart ventricle morphology
Nppb	abnormal myocardial fiber morphology
Nppb	cardiac fibrosis
Palld	lethality throughout fetal growth and development, complete penetrance
Parva	abnormal cardiovascular system morphology
Parva	abnormal fetal cardiomyocyte morphology
Parva	abnormal heart development
Parva	abnormal pericyte morphology
Parva	abnormal placenta vasculature
Parva	abnormal vascular smooth muscle morphology
Parva	abnormal vitelline vasculature morphology
Parva	aneurysm
Parva	dilated vasculature
Parva	embryonic growth retardation
Parva	hemorrhage
Parva	increased angiogenesis
Parva	lethality throughout fetal growth and development, complete penetrance
Parva	pericardial effusion
Parva	persistent truncus arteriosis
Pdlim3	abnormal heart position or orientation
Pdlim3	abnormal heart right ventricle morphology
Pdlim3	abnormal heart right ventricle outflow tract morphology
Pdlim3	cardiac fibrosis
Pdlim3	decreased cardiac output
Pdlim3	decreased ventricle muscle contractility
Pdlim3	dilated cardiomyopathy
Pdlim3	dilated heart left ventricle
Pdlim3	dilated heart right ventricle
Pdlim3	thin interventricular septum
Pdlim3	thin ventricular wall
Pdlim3	trabecula carnea hypoplasia
Pln	abnormal cardiac muscle contractility
Pln	abnormal cardiac muscle relaxation
Pln	abnormal heart left ventricle pressure
Pln	abnormal myocardial fiber physiology
Pln	atrial fibrillation
Pln	cardiovascular system phenotype
Pln	impaired skeletal muscle contractility
Pln	increased cardiac muscle contractility
Pln	increased heart weight
Pln	skeletal muscle atrophy
Postn	abnormal heart valve morphology
Postn	altered response to myocardial infarction
Postn	cardiovascular system phenotype
Postn	muscle phenotype
Postn	small heart
Ppp1r3c	abnormal muscle cell glucose uptake
Ppp1r3c	increased heart weight
Prkar1a	abnormal cardiogenic plate morphology
Prkar1a	abnormal embryo size
Prkar1a	absent heart tube
Prkar1a	decreased embryo size
Prkar1a	decreased heart rate variability
Prkar1a	embryonic growth retardation
Prkar1a	muscular atrophy
Pygm	increased skeletal muscle glycogen level
Pygm	increased variability of skeletal muscle fiber size
Qk	abnormal angiogenesis
Qk	abnormal blood vessel morphology
Qk	abnormal heart development
Qk	abnormal heart looping
Qk	abnormal heart morphology
Qk	abnormal myocardium layer morphology
Qk	abnormal vasculogenesis
Qk	abnormal vitelline vasculature morphology
Qk	cardiovascular system phenotype
Qk	decreased embryo size
Qk	decreased vascular endothelial cell number
Qk	embryonic growth retardation
Qk	enlarged heart
Qk	pericardial effusion
Ryr2	abnormal cardiac muscle contractility
Ryr2	abnormal cardiovascular system physiology
Ryr2	abnormal epicardium morphology
Ryr2	abnormal fetal cardiomyocyte morphology
Ryr2	abnormal heart left ventricle morphology
Ryr2	abnormal heart morphology
Ryr2	abnormal heart right ventricle morphology
Ryr2	abnormal myocardial fiber morphology
Ryr2	abnormal myocardial fiber physiology
Ryr2	abnormal myocardial trabeculae morphology
Ryr2	abnormal sarcoplasmic reticulum morphology
Ryr2	abnormal sinus arrhythmia
Ryr2	abnormal T wave
Ryr2	absent heartbeat
Ryr2	altered response of heart to induced stress
Ryr2	altered response to myocardial infarction
Ryr2	atrial fibrillation
Ryr2	atrioventricular block
Ryr2	cardiac fibrosis
Ryr2	cardiac hypertrophy
Ryr2	cardiomyopathy
Ryr2	cardiovascular system phenotype
Ryr2	congestive heart failure
Ryr2	decreased cardiac muscle contractility
Ryr2	decreased cardiac output
Ryr2	decreased heart rate
Ryr2	decreased ventricle muscle contractility
Ryr2	disorganized myocardium
Ryr2	embryonic growth retardation
Ryr2	enlarged heart
Ryr2	fetal growth retardation
Ryr2	heart left ventricle hypertrophy
Ryr2	increased heart rate
Ryr2	increased heart weight
Ryr2	increased response of heart to induced stress
Ryr2	irregular heartbeat
Ryr2	lethality throughout fetal growth and development, incomplete penetrance
Ryr2	sinus bradycardia
Ryr2	thick interventricular septum
Ryr2	thick ventricular wall
Ryr2	thin interventricular septum
Ryr2	ventricular fibrillation
Ryr2	ventricular premature beat
Ryr2	ventricular tachycardia
Sdpr	abnormal lung vasculature morphology
Sdpr	abnormal pulmonary endothelial cell surface
Sdpr	abnormal vascular endothelial cell morphology
Sfrp1	increased heart weight
Slc8a1	abnormal cardiac muscle relaxation
Slc8a1	abnormal cardiovascular system physiology
Slc8a1	abnormal endocardium morphology
Slc8a1	abnormal fetal cardiomyocyte morphology
Slc8a1	abnormal heart atrium morphology
Slc8a1	abnormal heart development
Slc8a1	abnormal heart morphology
Slc8a1	abnormal heart tube morphology
Slc8a1	abnormal myocardial fiber physiology
Slc8a1	abnormal myocardium layer morphology
Slc8a1	abnormal placenta vasculature
Slc8a1	abnormal vitelline vasculature morphology
Slc8a1	absent atrioventricular cushions
Slc8a1	absent heartbeat
Slc8a1	absent vitelline blood vessels
Slc8a1	absent Z lines
Slc8a1	cardiac interstitial fibrosis
Slc8a1	decreased cardiac muscle contractility
Slc8a1	decreased embryo size
Slc8a1	decreased heart rate
Slc8a1	decreased myocardial fiber number
Slc8a1	distended pericardium
Slc8a1	embryonic growth retardation
Slc8a1	enlarged heart
Slc8a1	enlarged pericardium
Slc8a1	heart left ventricle hypertrophy
Slc8a1	impaired smooth muscle contractility
Slc8a1	increased cardiomyocyte apoptosis
Slc8a1	increased left ventricle diastolic pressure
Slc8a1	increased left ventricle systolic pressure
Slc8a1	increased ventricle muscle contractility
Slc8a1	irregular heartbeat
Slc8a1	poor circulation
Slc8a1	thin ventricular wall
Slc8a1	trabecula carnea hypoplasia
Smyd1	cardiovascular system phenotype
Smyd1	common ventricle
Smyd1	embryonic growth retardation
Smyd1	enlarged heart
Smyd1	trabecula carnea hypoplasia
Smyd1	ventricular hypoplasia
Smyd2	cardiovascular system phenotype
Sorbs2	shortened PQ interval
Sorbs2	shortened PR interval
Sox4	abnormal aorticopulmonary septum morphology
Sox4	abnormal blood circulation
Sox4	abnormal conotruncal ridge morphology
Sox4	abnormal coronary artery morphology
Sox4	abnormal interventricular septum morphology
Sox4	abnormal semilunar valve morphology
Sox4	failure of conotruncal ridge closure
Sox4	increased heart rate
Sox4	lethality throughout fetal growth and development, complete penetrance
Sox4	perimembraneous ventricular septal defect
Sox4	persistent right dorsal aorta
Sox4	persistent truncus arteriosis
Sox4	thick interventricular septum
Sox4	ventricular septal defect
Sptbn1	abnormal fetal cardiomyocyte morphology
Sptbn1	abnormal fetal cardiomyocyte physiology
Sptbn1	abnormal heart development
Sptbn1	abnormal heart ventricle morphology
Sptbn1	abnormal heart ventricle wall thickness
Sptbn1	abnormal myocardial fiber morphology
Sptbn1	abnormal vitelline vasculature morphology
Sptbn1	absent coronary vessels
Sptbn1	decreased embryo size
Sptbn1	decreased fetal cardiomyocyte proliferation
Sptbn1	enlarged heart
Sptbn1	hemorrhage
Sptbn1	increased fetal cardiomyocyte apoptosis
Sptbn1	lethality throughout fetal growth and development, complete penetrance
Sptbn1	myocardial trabeculae hypoplasia
Sptbn1	small heart
Sptbn1	thin ventricle myocardium compact layer
Sptbn1	ventricular septal defect
Srl	abnormal cardiac muscle relaxation
Srl	abnormal cardiovascular system physiology
Srl	abnormal muscle contractility
Srl	abnormal muscle physiology
Srl	abnormal sarcoplasmic reticulum morphology
Srl	decreased cardiac muscle contractility
Srl	impaired skeletal muscle contractility
Ssr3	abnormal placental labyrinth vasculature morphology
Ssr3	abnormal placenta vasculature
Ssr3	decreased fetal weight
Ssr3	fetal growth retardation
Stk39	abnormal artery morphology
Stk39	abnormal heart echocardiography feature
Stk39	decreased heart left ventricle weight
Stk39	decreased heart rate
Stk39	decreased mean systemic arterial blood pressure
Stk39	decreased systemic arterial diastolic blood pressure
Stk39	decreased systemic arterial systolic blood pressure
Stk39	decreased systemic vascular resistance
Stk39	decreased vasoconstriction
Stk39	hypotension
Tab2	abnormal vascular development
Tab2	abnormal vitelline vasculature morphology
Tab2	liver hemorrhage
Tbx20	abnormal atrioventricular valve morphology
Tbx20	abnormal blood circulation
Tbx20	abnormal cardiovascular system physiology
Tbx20	abnormal fetal cardiomyocyte proliferation
Tbx20	abnormal heart development
Tbx20	abnormal heart tube morphology
Tbx20	abnormal heart valve morphology
Tbx20	abnormal semilunar valve morphology
Tbx20	abnormal vascular development
Tbx20	aortic valve regurgitation
Tbx20	decreased atrioventricular cushion size
Tbx20	decreased ventricle muscle contractility
Tbx20	dilated cardiomyopathy
Tbx20	dilated heart atrium
Tbx20	dilated heart left ventricle
Tbx20	embryonic growth retardation
Tbx20	failure of heart looping
Tbx20	heart hypoplasia
Tbx20	hemorrhage
Tbx20	lethality throughout fetal growth and development, complete penetrance
Tbx20	thin ventricular wall
Tcap	abnormal muscle physiology
Tcap	abnormal sarcomere morphology
Tcap	cardiac fibrosis
Tcap	cardiac hypertrophy
Tcap	cardiovascular system phenotype
Tcap	centrally nucleated skeletal muscle fibers
Tcap	congestive heart failure
Tcap	decreased cardiomyocyte apoptosis
Tcap	decreased response of heart to induced stress
Tcap	decreased skeletal muscle fiber diameter
Tcap	increased cardiomyocyte apoptosis
Tcap	increased response of heart to induced stress
Tcap	muscle phenotype
Tcap	myopathy
Tcap	skeletal muscle fiber atrophy
Tead1	abnormal embryo size
Tead1	abnormal heart morphology
Tead1	abnormal heart ventricle morphology
Tead1	abnormal myocardial trabeculae morphology
Tead1	decreased heart rate
Tead1	thin ventricular wall
Tead1	trabecula carnea hypoplasia
Tmsb4x	abnormal arteriole morphology
Tmsb4x	abnormal blood vessel morphology
Tmsb4x	abnormal vascular smooth muscle development
Tmsb4x	cardiovascular system phenotype
Tmsb4x	heart hemorrhage
Tmsb4x	hemopericardium
Tmsb4x	internal hemorrhage
Tmsb4x	intracranial hemorrhage
Tmsb4x	thin myocardium
Tns1	cardiovascular system phenotype
Tns1	decreased renal plasma flow rate
Tpm1	abnormal cardiac muscle contractility
Tpm1	abnormal cardiac muscle relaxation
Tpm1	abnormal diastolic filling velocity
Tpm1	abnormal heart left ventricle morphology
Tpm1	abnormal heart septum morphology
Tpm1	abnormal heart ventricle morphology
Tpm1	abnormal myocardial fiber morphology
Tpm1	abnormal myocardial fiber physiology
Tpm1	cardiac fibrosis
Tpm1	cardiac hypertrophy
Tpm1	decreased cardiac muscle contractility
Tpm1	decreased embryo size
Tpm1	decreased heart rate
Tpm1	enlarged heart atrium
Tpm1	heart left ventricle hypertrophy
Tpm1	increased cardiac muscle contractility
Tpm1	increased left ventricle diastolic pressure
Trim55	cardiac hypertrophy
Trim55	cardiovascular system phenotype
Trim55	increased heart weight
Trim55	increased quadriceps weight
Trim55	increased skeletal muscle fiber size
Trim55	skeletal muscle hypertrophy
Trim63	cardiac hypertrophy
Trim63	decreased susceptibility to induced muscular atrophy
Trim63	heart left ventricle hypertrophy
Trim63	increased heart weight
Trim63	increased quadriceps weight
Trim63	increased skeletal muscle fiber size
Trim63	muscle phenotype
Ttn	abnormal angiogenesis
Ttn	abnormal blood circulation
Ttn	abnormal blood vessel morphology
Ttn	abnormal cardiac muscle contractility
Ttn	abnormal cardiovascular development
Ttn	abnormal cardiovascular system morphology
Ttn	abnormal diaphragm morphology
Ttn	abnormal dorsal aorta morphology
Ttn	abnormal gastrocnemius morphology
Ttn	abnormal heart development
Ttn	abnormal heart left atrium morphology
Ttn	abnormal heart left ventricle morphology
Ttn	abnormal heart ventricle morphology
Ttn	abnormal hypaxial muscle morphology
Ttn	abnormal M lines
Ttn	abnormal muscle contractility
Ttn	abnormal muscle physiology
Ttn	abnormal myocardial fiber morphology
Ttn	abnormal myocardial fiber physiology
Ttn	abnormal myocardial trabeculae morphology
Ttn	abnormal myocardium layer morphology
Ttn	abnormal quadriceps morphology
Ttn	abnormal sarcomere morphology
Ttn	abnormal skeletal muscle morphology
Ttn	abnormal soleus morphology
Ttn	abnormal tibialis anterior morphology
Ttn	absent heartbeat
Ttn	absent organized vascular network
Ttn	cardiac hypertrophy
Ttn	cardiac interstitial fibrosis
Ttn	cardiovascular system phenotype
Ttn	centrally nucleated skeletal muscle fibers
Ttn	decreased cardiac muscle contractility
Ttn	decreased diastolic filling velocity
Ttn	decreased embryo size
Ttn	decreased heart weight
Ttn	decreased soleus weight
Ttn	decreased ventricle muscle contractility
Ttn	dilated cardiomyopathy
Ttn	dilated heart left ventricle
Ttn	dystrophic muscle
Ttn	embryonic growth retardation
Ttn	enlarged myocardial fiber
Ttn	heart left ventricle hypertrophy
Ttn	hemorrhage
Ttn	impaired skeletal muscle contractility
Ttn	increased heart left atrium weight
Ttn	increased heart left ventricle size
Ttn	increased left ventricle diastolic pressure
Ttn	increased left ventricle systolic pressure
Ttn	increased left ventricle weight
Ttn	increased variability of skeletal muscle fiber size
Ttn	lethality throughout fetal growth and development, complete penetrance
Ttn	muscle degeneration
Ttn	muscle phenotype
Ttn	myositis
Ttn	pericardial edema
Ttn	pericardial effusion
Ttn	progressive muscle weakness
Ttn	skeletal muscle fiber atrophy
Ttn	skeletal muscle fiber necrosis
Ttn	thick ventricular wall
Ttn	thin myocardium
Ttn	trabecula carnea hypoplasia
Ttn	ventricular hypoplasia
Txndc5	abnormal heart morphology
Txndc5	enlarged heart
Vcan	abnormal cardiovascular system physiology
Vcan	abnormal heart development
Vcan	abnormal heart right ventricle morphology
Vcan	abnormal interventricular septum morphology
Vcan	absent atrioventricular cushions
Vcan	absent conotruncal ridges
Vcan	decreased atrioventricular cushion size
Vcan	decreased embryo size
Vcan	decreased fetal size
Vcan	dilated heart
Vcan	dilated heart atrium
Vcan	dilated heart left ventricle
Vcan	ventricular septal defect
